{"cameraMode":{"drawMode":0,"name":"Shaded","section":"Shading Mode"},"sceneLighting":false,"audioPlay":false,"sceneViewState":{"m_AlwaysRefresh":false,"showFog":true,"showSkybox":false,"showFlares":true,"showImageEffects":true,"showParticleSystems":true,"showVisualEffectGraphs":true,"m_FxEnabled":true},"in2DMode":false,"pivot":{"x":-1.0490000247955323,"y":1.3350000381469727,"z":3.3642001152038576},"rotation":{"x":0.10946043580770493,"y":-0.35289788246154787,"z":0.04148729518055916,"w":0.9284670352935791},"size":1.4351308345794678,"orthographic":false}