{"cameraMode":{"drawMode":0,"name":"Shaded","section":"Shading Mode"},"sceneLighting":false,"audioPlay":false,"sceneViewState":{"m_AlwaysRefresh":false,"showFog":true,"showSkybox":false,"showFlares":true,"showImageEffects":true,"showParticleSystems":true,"showVisualEffectGraphs":true,"m_FxEnabled":true},"in2DMode":false,"pivot":{"x":-1.2475224733352662,"y":1.8541128635406495,"z":3.2746849060058595},"rotation":{"x":0.2100982367992401,"y":0.1645655632019043,"z":-0.036203887313604358,"w":0.9632067084312439},"size":1.0154885053634644,"orthographic":false}