{"cameraMode":{"drawMode":0,"name":"Shaded","section":"Shading Mode"},"sceneLighting":false,"audioPlay":false,"sceneViewState":{"m_AlwaysRefresh":false,"showFog":true,"showSkybox":false,"showFlares":true,"showImageEffects":true,"showParticleSystems":true,"showVisualEffectGraphs":true,"m_FxEnabled":true},"in2DMode":false,"pivot":{"x":-1.0490000247955323,"y":1.2039999961853028,"z":3.3642001152038576},"rotation":{"x":-0.05103752017021179,"y":-0.4318130910396576,"z":-0.02462436631321907,"w":0.9003426432609558},"size":1.4431346654891968,"orthographic":false}