{"cameraMode":{"drawMode":0,"name":"Shaded","section":"Shading Mode"},"sceneLighting":false,"audioPlay":false,"sceneViewState":{"m_AlwaysRefresh":false,"showFog":true,"showSkybox":false,"showFlares":true,"showImageEffects":true,"showParticleSystems":true,"showVisualEffectGraphs":true,"m_FxEnabled":true},"in2DMode":false,"pivot":{"x":-1.0490000247955323,"y":1.222100019454956,"z":3.3642001152038576},"rotation":{"x":0.11698713153600693,"y":-0.36914604902267458,"z":0.04678020626306534,"w":0.9209496378898621},"size":0.5172365307807922,"orthographic":false}