{"cameraMode":{"drawMode":0,"name":"Shaded","section":"Shading Mode"},"sceneLighting":false,"audioPlay":false,"sceneViewState":{"m_AlwaysRefresh":false,"showFog":true,"showSkybox":false,"showFlares":true,"showImageEffects":true,"showParticleSystems":true,"showVisualEffectGraphs":true,"m_FxEnabled":true},"in2DMode":false,"pivot":{"x":-1.0490000247955323,"y":1.222100019454956,"z":3.3642001152038576},"rotation":{"x":0.22752498090267182,"y":-0.39908361434936526,"z":0.10281871259212494,"w":0.8824301958084106},"size":0.320664644241333,"orthographic":false}