{"cameraMode":{"drawMode":0,"name":"Shaded","section":"Shading Mode"},"sceneLighting":false,"audioPlay":false,"sceneViewState":{"m_AlwaysRefresh":false,"showFog":true,"showSkybox":false,"showFlares":true,"showImageEffects":true,"showParticleSystems":true,"showVisualEffectGraphs":true,"m_FxEnabled":true},"in2DMode":false,"pivot":{"x":-0.557623028755188,"y":0.008478343486785889,"z":0.714313268661499},"rotation":{"x":0.027306711301207544,"y":0.0018048841739073396,"z":-0.0000356048003595788,"w":0.9996466636657715},"size":0.1398664265871048,"orthographic":false}