{"cameraMode":{"drawMode":0,"name":"Shaded","section":"Shading Mode"},"sceneLighting":false,"audioPlay":false,"sceneViewState":{"m_AlwaysRefresh":false,"showFog":true,"showSkybox":false,"showFlares":true,"showImageEffects":true,"showParticleSystems":true,"showVisualEffectGraphs":true,"m_FxEnabled":true},"in2DMode":false,"pivot":{"x":-1.0490000247955323,"y":1.2039999961853028,"z":3.3642001152038576},"rotation":{"x":0.04585706815123558,"y":0.34933558106422427,"z":0.01777586340904236,"w":-0.9358483552932739},"size":0.25980764627456667,"orthographic":false}